species,range
Colias_alexandra,Nearctic
Colias_alfacariensis,Palearctic West
Colias_alpherakii,QTP
Colias_alta,QTP
Colias_arida,QTP
Colias_aurorina,Palearctic West
Colias_behrii,Nearctic
Colias_berylla,QTP
Colias_canadensis,Nearctic
Colias_caucasica,Palearctic West
Colias_chlorocoma,Palearctic West
Colias_christina,Nearctic
Colias_christophi,QTP
Colias_chrysotheme,Palearctic low
Colias_cocandica,QTP
Colias_croceus,Palearctic West
Colias_dimera,Neotropical
Colias_diva,QTP
Colias_electo,African
Colias_eogene,QTP
Colias_erate,Palearctic
Colias_eurytheme,Nearctic
Colias_euxanthe,Neotropical
Colias_fieldii,East Asia
Colias_flaveola,Neotropical
Colias_grumi,QTP
Colias_hecla,Arctic
Colias_heos,Palearctic East
Colias_hyale,Palearctic
Colias_hyperborea,Nam Asia
Colias_interior,Nearctic
Colias_lada,QTP
Colias_ladakensis,QTP
Colias_lesbia,Neotropical
Colias_marcopolo,QTP
Colias_meadii,Nearctic
Colias_montium,QTP
Colias_mossi,Neotropical
Colias_myrmidone,Palearctic West
Colias_nastes,Nam Asia
Colias_nebulosa,QTP
Colias_nina,QTP
Colias_palaeno,Arctic
Colias_pelidne,Nearctic
Colias_phicomone,Palearctic West
Colias_philodice,Nearctic
Colias_poliographus,East Asia
Colias_rankinensis,Nearctic
Colias_regia,QTP
Colias_romanovi,QTP
Colias_scudderii,Nearctic
Colias_shafuladi,QTP
Colias_sieversi,QTP
Colias_sifanica,QTP
Colias_skinneri,Nearctic
Colias_staudingeri,QTP
Colias_stoliczkana,QTP
Colias_tamerlana,Palearctic East
Colias_thisoa,West QTP
Colias_thrasibulus,QTP
Colias_tibetana,QTP
Colias_tyche,Arctic
Colias_vauthierii,Neotropical
Colias_wanda,QTP
Colias_weberbaueri,Neotropical
Colias_wiskotti,QTP
Zerene_cesonia,Americas